,circuit,conn_id,post_tnid,theta,phi,angle_from_xy,rotation_on_xy
0,LN-Basin,10041452,10041475,2.056072699631431,1.6001280790809007,0.48527637283653435,1.6001280790809007
1,LN-Basin,10104124,10104108,1.4043848717359955,-0.014167494248202047,0.1664114550589011,3.127425159341591
2,LN-Basin,10105013,10104865,1.8290347439891932,-2.192135924188213,0.25823841719429663,0.9494567294015801
3,LN-Basin,10160632,10160624,1.9421019560559545,2.8653098205821785,0.3713056292610579,2.8653098205821785
4,LN-Basin,10160686,10160671,1.1931983911641717,-0.24027688377486073,0.37759793563072486,2.9013157698149326
5,LN-Basin,10160686,6242108,1.5838305391057568,1.3950308661730968,0.013034212310860216,1.3950308661730968
6,LN-Basin,14782552,6325376,1.8143823526743366,2.1955975278987796,0.24358602587944,2.1955975278987796
7,LN-Basin,159984,159990,2.0708019763505727,1.4990559424159113,0.5000056495556762,1.4990559424159113
8,LN-Basin,17299748,6279106,1.7789136382621848,-0.09650467504330588,0.2081173114672883,3.045087978546487
9,LN-Basin,17737753,3483592,1.7060214224637487,2.7331239721700142,0.1352250956688521,2.7331239721700142
10,LN-Basin,18106697,18106694,2.6675160926373915,-0.5320792812423752,1.096719765842495,2.609513372347418
11,LN-Basin,19639502,9776512,1.9527293171326228,-1.91361790837803,0.3819329903377262,1.227974745211763
12,LN-Basin,21146265,21146264,1.3438801415808643,2.364102017397887,0.22691618521403223,2.364102017397887
13,LN-Basin,2940465,2940503,2.144653028140551,1.1039713857453535,0.5738567013456546,1.1039713857453535
14,LN-Basin,3250098,3197764,2.353626073948792,-0.6214127022970392,0.7828297471538956,2.520179951292754
15,LN-Basin,3543174,3543173,1.8132180155883277,2.5821242038411136,0.24242168879343118,2.5821242038411136
16,LN-Basin,3964855,3964875,1.6099970029158324,3.018338312466303,0.03920067612093581,3.018338312466303
17,LN-Basin,3965892,6207953,,,,
18,LN-Basin,4047426,4047447,,,,
19,LN-Basin,4047426,6272399,2.0776337226811665,0.5196999806542373,0.50683739588627,0.5196999806542373
20,LN-Basin,4168772,15650354,1.8515436076366631,-0.3504028995633738,0.2807472808417666,2.7911897540264192
21,LN-Basin,4184831,4184867,0.38199480338443226,-2.3471469596774477,1.1888015234104643,0.7944456939123454
22,LN-Basin,4199390,9779621,2.4899117712801826,0.8242423571603253,0.919115444485286,0.8242423571603253
23,LN-Basin,4199466,3509893,,,,
24,LN-Basin,4202509,6220914,1.2786748058954167,2.467915531240113,0.29212152089947985,2.467915531240113
25,LN-Basin,4203487,4203501,1.491276542046377,2.2651323612853194,0.07951978474851962,2.2651323612853194
26,LN-Basin,4305066,4305087,1.8747182046416127,3.0459504348116995,0.3039218778467161,3.0459504348116995
27,LN-Basin,4305487,9779608,1.5737390920873937,-0.356614879095189,0.0029427652924971515,2.784977774494604
28,LN-Basin,4315745,4315772,0.8513785187798769,-0.9342749212702534,0.7194178080150196,2.20731773231954
29,LN-Basin,4319902,6216845,2.4101620898428284,-1.5102277324296385,0.8393657630479319,1.6313649211601546
30,LN-Basin,4391331,4391344,1.7646125847460947,0.4371756560099676,0.19381625795119817,0.4371756560099676
31,LN-Basin,4585493,4585509,1.9762635100944395,1.5715609818270577,0.4054671832995429,1.5715609818270577
32,LN-Basin,4585635,6280786,1.482117555009721,1.0397186807161176,0.08867877178517558,1.0397186807161176
33,LN-Basin,4591493,4591466,0.7954509442541149,2.504544699486172,0.7753453825407817,2.504544699486172
34,LN-Basin,478771,478777,1.2098011097009866,-2.135840512004671,0.3609952170939099,1.005752141585122
35,LN-Basin,4993712,9776998,0.5448340348722504,-0.9249138135862315,1.0259622919226463,2.2166788400035617
36,LN-Basin,5346719,5346733,1.4329935924634574,2.931852913236295,0.1378027343314392,2.931852913236295
37,LN-Basin,6135666,6135708,0.6870987893749582,-0.800942885154014,0.8836975374199384,2.340649768435779
38,LN-Basin,6135666,6333362,0.33226847154057865,-2.3191689031687144,1.238527855254318,0.8224237504210787
39,LN-Basin,6207143,3539887,1.9464613497388388,0.4131912146130388,0.3756650229439422,0.4131912146130388
40,LN-Basin,6207656,6207655,1.538383176872286,-2.965598956155392,0.032413149922610573,0.17599369743440096
41,LN-Basin,6208636,6208623,2.897126739712206,-0.7197024996426532,1.3263304129173092,2.42189015394714
42,LN-Basin,6208756,6208754,1.0862600403790998,-1.3065715150422954,0.4845362864157967,1.8350211385474977
43,LN-Basin,6208918,6208915,1.8339971651140359,1.6071507605089421,0.2632008383191393,1.6071507605089421
44,LN-Basin,6210922,6210917,,,,
45,LN-Basin,6216212,6216206,1.8172976992845515,2.136696674928873,0.24650137248965498,2.136696674928873
46,LN-Basin,6240159,3510296,1.5478654642617735,0.3606129971510987,0.022930862533123042,0.3606129971510987
47,LN-Basin,6242160,6242072,1.4603237034505918,1.2421840747136108,0.11047262334430474,1.2421840747136108
48,LN-Basin,6251701,6251697,1.4859460518328773,-1.9802982977468662,0.08485027496201925,1.161294355842927
49,LN-Basin,6276491,6276489,1.0017003545379919,-1.3642488753283193,0.5690959722569047,1.7773437782614738
50,LN-Basin,6277035,6277029,2.4995280522287553,-1.2604889611535501,0.9287317254338587,1.881103692436243
51,LN-Basin,6282471,6282457,2.692743683101078,-0.6758937771694988,1.1219473563061815,2.4656988764202943
52,LN-Basin,6282674,6327761,1.858251388745488,2.3738834759017795,0.28745506195059134,2.3738834759017795
53,LN-Basin,6290384,4591538,0.7691594337342536,2.6507991431725917,0.801636893060643,2.6507991431725917
54,LN-Basin,6290384,6290376,1.1380803984668961,-2.9278334156613015,0.43271592832800043,0.2137592379284916
55,LN-Basin,6291053,6213196,,,,
56,LN-Basin,6291472,6291468,0.973329570558666,-0.13500737647156696,0.5974667562362306,3.006585277118226
57,LN-Basin,6291472,6291494,1.0343487340817052,0.5720382511542276,0.5364475927131913,0.5720382511542276
58,LN-Basin,6297278,6297262,2.3132968266030955,-1.044302994243394,0.742500499808199,2.097289659346399
59,LN-Basin,6318712,6318708,1.7678924125353501,-2.9593259361795767,0.19709608574045356,0.18226671741021638
60,LN-Basin,6319901,6319893,1.44703805477581,-1.2844025891234818,0.12375827201908662,1.8571900644663113
61,LN-Basin,6324909,6324906,2.417357493058844,-0.3930222725587309,0.8465611662639474,2.748570381031062
62,LN-Basin,6326708,6326641,1.7485622596704702,-0.5373328885413883,0.17776593287557363,2.604259765048405
63,LN-Basin,6328104,6328102,2.097191406049615,-1.1791983931995011,0.5263950792547183,1.962394260390292
64,LN-Basin,6333048,6333038,1.8100248209605634,-1.267399629733433,0.23922849416566683,1.8741930238563602
65,LN-Basin,6333374,6333370,,,,
66,LN-Basin,6333448,6333443,1.6774236622296343,1.0390668306514392,0.10662733543473779,1.0390668306514392
67,LN-Basin,6931305,6931318,1.8310123072401399,1.1437179878879,0.2602159804452433,1.1437179878879
68,LN-Basin,7136733,4571321,,,,
69,LN-Basin,7168246,6290267,,,,
70,LN-Basin,7214604,7214610,1.2698224089063808,-1.9894080190143117,0.3009739178885158,1.1521846345754814
71,LN-Basin,7542267,7542273,0.8511233440234439,-1.4287310510475366,0.7196729827714526,1.7128616025422565
72,LN-Basin,7594456,7594463,1.3287824873992717,0.6292241459985827,0.24201383939562482,0.6292241459985827
73,LN-Basin,7611827,6327719,1.3269051629537274,0.9389784432099437,0.24389116384116916,0.9389784432099437
74,LN-Basin,7696546,6320079,1.3731017618148857,-2.485398957180785,0.1976945649800108,0.6561936964090083
75,LN-Basin,9777039,6332677,0.4694476943080858,2.4759048844009848,1.1013486324868107,2.4759048844009848
76,LN-Basin,9777350,6277271,1.6885952353750402,0.44757735911302693,0.11779890858014364,0.44757735911302693
77,LN-Basin,9777350,6327746,0.8679361830224238,3.1114579572728682,0.7028601437724727,3.1114579572728682
78,LN-Basin,9777472,9776711,1.5553136849886415,-0.11208261161611319,0.015482641806255026,3.02951004197368
79,LN-Basin,9779785,9779778,1.2517925428502297,0.6805808521529145,0.3190037839446669,0.6805808521529145
80,LN-Basin,988063,988085,1.7279946647978788,0.6688943582657418,0.15719833800298222,0.6688943582657418
81,ORN-PN,10041052,5324420,1.7538184562594867,-1.1566242709425167,0.18302212946459018,1.9849683826472764
82,ORN-PN,10643691,4701375,1.0877169044951156,2.0889376062121494,0.48307942229978096,2.0889376062121494
83,ORN-PN,14871901,10643503,,,,
84,ORN-PN,14929109,5983907,1.827552083181415,1.281207132201398,0.2567557563865184,1.281207132201398
85,ORN-PN,14930343,5702824,1.7748547012136218,3.1248487608004294,0.2040583744187252,3.1248487608004294
86,ORN-PN,14934119,4655305,1.149032788083425,-1.988149463904071,0.42176353871147154,1.153443189685722
87,ORN-PN,14935999,14935963,0.6491957677844056,-1.143685896383618,0.921600559010491,1.997906757206175
88,ORN-PN,14935999,5994811,0.8836390528494122,-1.9041673378765882,0.6871572739454843,1.237425315713205
89,ORN-PN,14986462,10643610,,,,
90,ORN-PN,14990023,10643490,,,,
91,ORN-PN,14995809,11050988,1.6195098219010253,0.9081404561117532,0.04871349510612877,0.9081404561117532
92,ORN-PN,14995809,14995803,2.324489531992815,-0.20144965626686615,0.7536932051979184,2.940142997322927
93,ORN-PN,15387856,7710359,0.8425602553682308,-1.934811250298418,0.7282360714266658,1.206781403291375
94,ORN-PN,17808526,10643759,1.1337805121523656,1.6881454346868343,0.4370158146425309,1.6881454346868343
95,ORN-PN,18077697,5324810,0.5650808544260602,-0.29924411806819473,1.0057154723688364,2.8423485355215985
96,ORN-PN,18147063,5324905,1.2243049992029855,1.1982978755931635,0.34649132759191104,1.1982978755931635
97,ORN-PN,18167706,11050757,1.982685493844731,2.7151737342148796,0.41188916704983436,2.7151737342148796
98,ORN-PN,18240680,10643859,0.6776739436201572,-1.11308361538915,0.8931223831747394,2.028509038200643
99,ORN-PN,18346875,5702704,2.656031179568356,-0.6298337239885954,1.0852348527734597,2.5117589296011977
100,ORN-PN,18371843,5356566,,,,
101,ORN-PN,19007793,10643605,,,,
102,ORN-PN,19092079,14935109,2.2696416366398044,0.09289157031273916,0.6988453098449079,0.09289157031273916
103,ORN-PN,19289221,10643521,,,,
104,ORN-PN,21134490,5994845,0.7065729808295316,-1.0836740383828656,0.864223345965365,2.0579186152069275
105,ORN-PN,21930311,6498935,1.175769365861243,2.3117167646994883,0.39502696093365364,2.3117167646994883
106,ORN-PN,3733468,3733544,2.8277843039138064,-1.2204962367355583,1.2569879771189099,1.9210964168542348
107,ORN-PN,3733612,3733621,2.624256614666227,-1.6437515457611283,1.0534602878713306,1.4978411078286649
108,ORN-PN,3733612,7468495,2.143548477617014,1.6024122207068507,0.5727521508221174,1.6024122207068507
109,ORN-PN,3733699,3733719,,,,
110,ORN-PN,3733699,3733752,,,,
111,ORN-PN,3733906,6122938,2.264640171196193,-0.6130529241073278,0.6938438444012966,2.5285397294824654
112,ORN-PN,3734001,3734014,1.5070966043874858,1.8801811345873127,0.06369972240741073,1.8801811345873127
113,ORN-PN,3734766,3734783,0.8377935775736447,-2.700909526765334,0.7330027492212519,0.4406831268244593
114,ORN-PN,3734766,3734803,1.4373075487997429,-0.8297210622305058,0.13348877799515368,2.3118715913592873
115,ORN-PN,3735595,3735610,0.6840096258553808,-3.1215706318871876,0.8867867009395157,0.020022021702605475
116,ORN-PN,3735682,3735695,1.349824029109669,-0.34421993726741174,0.22097229768522753,2.797372716322381
117,ORN-PN,3735867,3735874,0.3302240263059793,-2.8677511316856843,1.2405723004889173,0.2738415219041088
118,ORN-PN,3735867,3735935,2.4489899415277727,0.2616377071259955,0.8781936147328762,0.2616377071259955
119,ORN-PN,3736154,3736161,1.7310495526289338,-2.6102878346876106,0.16025322583403723,0.5313048189021825
120,ORN-PN,3736154,6498936,2.546989317622561,-0.25815215380534373,0.9761929908276645,2.8834404997844496
121,ORN-PN,3736251,3736264,2.036831421475006,0.46530927208795125,0.4660350946801093,0.46530927208795125
122,ORN-PN,3736251,6113335,1.3478631269544046,-0.08491338036087331,0.22293319984049198,3.05667927322892
123,ORN-PN,3736335,3736358,1.8556181562107286,-1.0171609516401516,0.284821829415832,2.1244317019496415
124,ORN-PN,3736647,3736653,1.9234925284635263,2.2004458486767406,0.3526962016686297,2.2004458486767406
125,ORN-PN,3737210,3737216,1.9286511420305774,-2.1154386668284575,0.35785481523568086,1.0261539867613356
126,ORN-PN,3739965,3740000,1.6419687654449842,-0.2687876006232467,0.0711724386500876,2.8728050529665463
127,ORN-PN,3739965,7851135,1.4262147041824453,-0.3424186497445193,0.14458162261245122,2.7991740038452737
128,ORN-PN,3740246,6496283,1.4912895681020384,2.59723988490119,0.07950675869285817,2.59723988490119
129,ORN-PN,3742825,3742838,1.8764249993636544,0.17540081041833727,0.3056286725687578,0.17540081041833727
130,ORN-PN,3763690,3763696,1.8983647762350377,-0.23237868224010622,0.3275684494401412,2.9092139713496867
131,ORN-PN,3763714,3763727,1.9986732714943147,2.819123712624477,0.42787694469941817,2.819123712624477
132,ORN-PN,3763759,3763765,2.1634419737935917,-1.092695146670811,0.5926456469986952,2.048897506918982
133,ORN-PN,3763759,3763779,0.9568024681301694,1.9555251531805002,0.6139938586647271,1.9555251531805002
134,ORN-PN,3764371,6497628,0.4083146887356883,-0.7651170241875175,1.1624816380592082,2.3764756294022757
135,ORN-PN,3764371,6497694,1.5627403680450356,0.14951971535575997,0.00805595874986098,0.14951971535575997
136,ORN-PN,3764371,7460863,2.304572697746604,-1.6791471825743027,0.7337763709517073,1.4624454710154904
137,ORN-PN,3764454,3764460,2.5466951804230527,2.907070691577179,0.9758988536281561,2.907070691577179
138,ORN-PN,3764454,7460897,,,,
139,ORN-PN,3764454,7858096,,,,
140,ORN-PN,3764816,6823182,2.73558879318556,-1.7743956617960877,1.1647924663906633,1.3671969917937055
141,ORN-PN,3764816,7855720,1.5709507439515593,-0.9757750657916385,0.00015441715666275613,2.1658175877981547
142,ORN-PN,3764859,6497933,0.7626326865577953,-0.08913913578130707,0.8081636402371013,3.052453517808486
143,ORN-PN,4325302,4325322,1.5156516091068661,0.6260669051856231,0.05514471768803042,0.6260669051856231
144,ORN-PN,4327733,4327760,1.5282774010552302,1.0463875829617222,0.04251892573966631,1.0463875829617222
145,ORN-PN,4327733,7711664,1.5439065825868301,0.793236500954944,0.026889744208066446,0.793236500954944
146,ORN-PN,4327828,5324330,2.388953164323929,-2.9105784469770746,0.8181568375290325,0.23101420661271854
147,ORN-PN,4327828,5702873,,,,
148,ORN-PN,4327974,4327987,1.0382099070935769,2.041861544487612,0.5325864197013197,2.041861544487612
149,ORN-PN,4327974,7711230,0.2125462006555567,0.3241593635587156,1.3582501261393398,0.3241593635587156
150,ORN-PN,4328071,4328098,1.6384457367230567,-0.7211723708090049,0.06764940992816015,2.420420282780788
151,ORN-PN,4328115,14935798,1.7002656658182491,-0.6222025840622883,0.12946933902335256,2.5193900695275047
152,ORN-PN,4328205,4328218,1.8842240704212267,-2.477924384799252,0.3134277436263302,0.6636682687905413
153,ORN-PN,4328205,5983554,1.6541072672386774,1.5081913667007438,0.08331094044378085,1.5081913667007438
154,ORN-PN,4328228,5994722,2.262719722223103,-1.043498283927545,0.6919233954282062,2.098094369662248
155,ORN-PN,4655032,4655045,1.1222092274805229,-1.5542074320974655,0.4485870993143737,1.5873852214923276
156,ORN-PN,4701252,4701267,1.4384798251867492,0.4612995809818244,0.13231650160814734,0.4612995809818244
157,ORN-PN,4701288,4701375,,,,
158,ORN-PN,4701391,5356763,2.0277801321667424,-0.26188818390545254,0.4569838053718458,2.8797044696843406
159,ORN-PN,4701429,5361059,1.6273159254433678,0.7532117754981991,0.056519598648471225,0.7532117754981991
160,ORN-PN,4701691,4701713,0.6980228876552704,2.0177485346198387,0.8727734391396261,2.0177485346198387
161,ORN-PN,4701691,5324717,2.7540766986727543,0.2686948562582215,1.1832803718778577,0.2686948562582215
162,ORN-PN,4701691,7710311,1.2450705295909492,2.616537722523166,0.32572579720394734,2.616537722523166
163,ORN-PN,4701754,4701775,0.9417058334725159,-1.187358447278521,0.6290904933223807,1.954234206311272
164,ORN-PN,4701793,4701824,2.1574308588580315,-0.2238423456395126,0.586634532063135,2.9177503079502807
165,ORN-PN,4701793,4701838,2.1906075400470626,1.128878246043493,0.619811213252166,1.128878246043493
166,ORN-PN,4701793,5324819,,,,
167,ORN-PN,4701877,10643499,1.3524493464008567,0.641876094849989,0.21834698039403988,0.641876094849989
168,ORN-PN,4701877,10643579,2.1688628789233,-2.7009629088419302,0.5980665521284037,0.4406297447478629
169,ORN-PN,4701877,4701883,1.081220740141734,-2.203335285769326,0.4895755866531626,0.9382573678204671
170,ORN-PN,4701877,4701897,1.1468205263719955,-2.3978111598679077,0.42397580042290106,0.7437814937218854
171,ORN-PN,4701947,4701982,2.2684962562329085,-2.0857681306508224,0.697699929438012,1.0558245229389707
172,ORN-PN,4701947,5324827,,,,
173,ORN-PN,4702027,4702064,2.2285684663432295,-1.7249258769826366,0.6577721395483329,1.4166667766071566
174,ORN-PN,4702195,7709871,1.8394613894564347,0.1815181653033098,0.2686650626615381,0.1815181653033098
175,ORN-PN,4702276,5356520,0.7948281588520526,-1.5950328003683532,0.775968167942844,1.54655985322144
176,ORN-PN,4702334,4702349,2.4758331690542534,-2.420297102399066,0.9050368422593569,0.7212955511907273
177,ORN-PN,4702334,4702392,0.766613855858553,-2.5202104923213935,0.8041824709363435,0.6213821612683996
178,ORN-PN,4702488,4702509,1.5116227255973773,2.3147854399179026,0.05917360119751924,2.3147854399179026
179,ORN-PN,4702990,4703033,2.0073730421693403,2.461005954436026,0.43657671537444376,2.461005954436026
180,ORN-PN,4703050,4703065,1.0184747217466732,0.43778044012435635,0.5523216050482234,0.43778044012435635
181,ORN-PN,4703114,5356574,1.6443644356121643,0.6565202874565522,0.07356810881726772,0.6565202874565522
182,ORN-PN,5005528,5005536,2.0757204424068934,0.08940175166142882,0.5049241156119968,0.08940175166142882
183,ORN-PN,5005655,5005688,2.2739752664475454,2.6767895277426437,0.7031789396526489,2.6767895277426437
184,ORN-PN,5119580,5119622,2.7763972418691183,-0.3011237045842377,1.2056009150742217,2.8404689490055555
185,ORN-PN,5119580,5356744,1.4086599333725192,1.3411117809947755,0.1621363934223774,1.3411117809947755
186,ORN-PN,5119580,7710580,1.2355521027330725,0.09662653308464039,0.3352442240618241,0.09662653308464039
187,ORN-PN,5218647,5218660,2.460168422760108,-0.2074040626530468,0.8893720959652116,2.9341885909367464
188,ORN-PN,5218647,5324105,2.042740915022466,1.1826003610580957,0.47194458822756946,1.1826003610580957
189,ORN-PN,5218825,5218845,1.3584949245523208,0.07400542838693201,0.21230140224257577,0.07400542838693201
190,ORN-PN,5218876,5324644,2.313789171311953,-0.7748922176005206,0.7429928445170564,2.3667004359892725
191,ORN-PN,5224906,6582020,1.2638699522232437,2.7328031376738204,0.30692637457165284,2.7328031376738204
192,ORN-PN,5225403,5225437,1.1822631521398779,2.817043332936705,0.3885331746550187,2.817043332936705
193,ORN-PN,5225440,5225446,0.5799372035640363,-3.0274156553555818,0.9908591232308602,0.11417699823421135
194,ORN-PN,5225440,6582020,1.8525005468287268,3.0149969744046756,0.2817042200338302,3.0149969744046756
195,ORN-PN,5225456,21930310,0.6875446150913139,2.3263403258579984,0.8832517117035826,2.3263403258579984
196,ORN-PN,5225746,5225752,2.337957147596786,-1.5277030444734818,0.7671608208018896,1.6138896091163113
197,ORN-PN,5225746,5225759,1.640652143987601,-2.7628143676308836,0.0698558171927044,0.3787782859589095
198,ORN-PN,5225746,5225980,0.39686653750508316,0.3782683974359351,1.1739297892898133,0.3782683974359351
199,ORN-PN,5225983,5226003,,,,
200,ORN-PN,5226006,5226026,0.9843574932114619,0.03415671708073163,0.5864388335834346,0.03415671708073163
201,ORN-PN,5226044,6498826,,,,
202,ORN-PN,5226044,7207496,2.211370061381358,-1.3487766188834955,0.6405737345864613,1.7928160347062976
203,ORN-PN,5251049,5251055,1.3939823977223336,-2.351362476296192,0.176813929072563,0.7902301772936009
204,ORN-PN,5251172,5251191,1.319586614611109,-1.262319918278328,0.2512097121837875,1.879272735311465
205,ORN-PN,5251172,5251201,0.24213940274288273,0.6252181097293268,1.3286569240520139,0.6252181097293268
206,ORN-PN,5261030,5261036,1.5860263421975955,-2.3929039630611944,0.015230015402698971,0.7486886905285988
207,ORN-PN,5261371,5261377,1.5069721563607656,2.813667586940275,0.06382417043413091,2.813667586940275
208,ORN-PN,5261394,5261407,1.2766991349943586,-0.4606822222310213,0.29409719180053795,2.6809104313587717
209,ORN-PN,5261431,5261444,1.9034279295806227,-0.16141959414142193,0.3326316027857261,2.9801730594483713
210,ORN-PN,5261714,5261734,2.2433475454451863,2.504324014512502,0.6725512186502898,2.504324014512502
211,ORN-PN,5261738,5261765,1.8411232956711618,-2.559986327341286,0.2703269688762653,0.5816063262485072
212,ORN-PN,5287601,5356537,1.5221415532592415,-1.3839103596073292,0.04865477353565506,1.757682293982464
213,ORN-PN,5287892,5287913,2.616420122375686,-2.0546249911254235,1.0456237955807897,1.0869676624643696
214,ORN-PN,5287892,5361232,2.2120984360344482,-1.499850989587333,0.6413021092395517,1.64174166400246
215,ORN-PN,5287892,5361580,0.27627113529269715,-1.8167511304016961,1.2945251915021994,1.324841523188097
216,ORN-PN,5290139,10643403,0.8793758255566696,0.6529572081729548,0.691420501238227,0.6529572081729548
217,ORN-PN,5290139,5324134,0.9791396088157668,1.3139410253601438,0.5916567179791298,1.3139410253601438
218,ORN-PN,5290139,5324152,2.022934296199565,1.759957683798377,0.45213796940466855,1.759957683798377
219,ORN-PN,5290139,5991485,2.0848545944968784,0.5666347382475423,0.5140582677019818,0.5666347382475423
220,ORN-PN,5310314,5310343,0.5269263917687231,-0.6657338330626399,1.0438699350261733,2.4758588205271534
221,ORN-PN,5310500,5310540,,,,
222,ORN-PN,5310759,5310781,2.306235030010524,2.4884946246476183,0.7354387032156273,2.4884946246476183
223,ORN-PN,6094195,5005536,2.425205758622528,-3.0455976950184076,0.8544094318276314,0.09599495857138551
224,ORN-PN,6112906,6112976,0.40316184170593894,2.1776697013174955,1.1676344850889575,2.1776697013174955
225,ORN-PN,6489128,6489144,1.7736270971228023,1.4084280552154298,0.20283077032790575,1.4084280552154298
226,ORN-PN,6489394,5361219,2.0510347946543455,0.4456032952444038,0.4802384678594489,0.4456032952444038
227,ORN-PN,6490047,5324648,1.2364039830927065,-2.644771201176289,0.33439234370219006,0.49682145241350417
228,ORN-PN,6490191,5324143,0.5792696763435429,1.2403350835386724,0.9915266504513537,1.2403350835386724
229,ORN-PN,6490580,5324441,2.4035301874800323,0.8937062253285281,0.8327338606851358,0.8937062253285281
230,ORN-PN,6490580,6490638,2.6727906668136914,1.6710227739014225,1.1019943400187948,1.6710227739014225
231,ORN-PN,6490580,7709619,1.8268190329019605,-0.08706882689078303,0.2560227061070639,3.0545238266990102
232,ORN-PN,6491985,5356573,1.9714016878128953,-2.0404310205027527,0.4006053610179987,1.1011616330870404
233,ORN-PN,6501822,6501555,,,,
234,ORN-PN,6501822,6501844,1.1769194588443874,-0.9523882692851452,0.39387686795050914,2.189204384304648
235,ORN-PN,6582079,6502906,0.3406398075621904,1.5971322992076165,1.2301565192327062,1.5971322992076165
236,ORN-PN,6582079,6582007,,,,
237,ORN-PN,6582079,6582060,0.5734224951899322,2.521390302078256,0.9973738316049644,2.521390302078256
238,ORN-PN,6603100,6603108,2.1071091162315203,-0.6470823201856011,0.5363127894366237,2.4945103334041923
239,ORN-PN,7104716,6497470,1.7951976454254448,-0.6267876493441329,0.22440131863054824,2.5148050042456602
240,ORN-PN,7459963,6501596,0.3766735159946839,-3.101366163891775,1.1941228108002127,0.04022648969801823
241,ORN-PN,7460533,3764582,1.8310614776253817,1.229831457653484,0.2602651508304852,1.229831457653484
242,ORN-PN,7460533,6497720,2.3804592844024066,1.454980095292293,0.8096629576075101,1.454980095292293
243,ORN-PN,7460604,7460612,1.3305019415769488,-0.7556232955080424,0.24029438521794777,2.3859693580817507
244,ORN-PN,7464326,6495960,0.6254556457530371,-0.9652844886815914,0.9453406810418594,2.1763081649082014
245,ORN-PN,7468120,6125554,1.1697076515657456,-0.7122865228068459,0.4010886752291509,2.429306130782947
246,ORN-PN,7468120,7468136,1.6836536286993313,0.29706430501248265,0.11285730190443477,0.29706430501248265
247,ORN-PN,7468149,6502240,2.0428129855924664,0.25811126981143556,0.4720166587975698,0.25811126981143556
248,ORN-PN,7468161,3736497,1.6518162358584665,2.9798515892418274,0.08101990906356993,2.9798515892418274
249,ORN-PN,7468258,6502812,2.172052573028634,-0.8308235526890317,0.6012562462337376,2.310769100900761
250,ORN-PN,7468434,7468429,1.7759762185034487,2.484177428510125,0.2051798917085521,2.484177428510125
251,ORN-PN,7468434,7856918,,,,
252,ORN-PN,7468463,3764700,2.1592722607825023,1.763686388831447,0.5884759339876058,1.763686388831447
253,ORN-PN,7468463,6497694,,,,
254,ORN-PN,7468463,6497925,1.048045780167455,-0.4175590878140167,0.5227505466274416,2.7240335657757764
255,ORN-PN,7468463,6502122,1.536570979400189,-0.09986486329614207,0.03422534739470762,3.0417277902936513
256,ORN-PN,7527875,5225437,0.9198855172854637,2.7979363518312117,0.6509108095094328,2.7979363518312117
257,ORN-PN,7528692,7528707,1.5669623011180975,-1.6391412935928338,0.0038340256767990244,1.5024513599969593
258,ORN-PN,7708962,5324901,2.5146615498663647,2.4405916661058025,0.9438652230714681,2.4405916661058025
259,ORN-PN,7709453,7709463,1.2160901301665499,0.9194178086943466,0.3547061966283467,0.9194178086943466
260,ORN-PN,7710003,5356724,,,,
261,ORN-PN,7710003,7710009,2.1079125555631637,-1.6097264072900161,0.5371162287682671,1.531866246299777
262,ORN-PN,7710003,7710023,2.075567672984576,-1.6393198181865896,0.5047713461896794,1.5022728354032036
263,ORN-PN,7710038,5324537,0.9717993232516701,1.6464142352159505,0.5989970035432265,1.6464142352159505
264,ORN-PN,7710059,5324545,2.001176477749674,0.3754658873934488,0.43038015095477755,0.3754658873934488
265,ORN-PN,7710329,7710350,2.126413934300327,-3.040152606206822,0.5556176075054307,0.10144004738297108
266,ORN-PN,7710353,7710359,1.1749640606566731,0.6334935910828097,0.3958322661382234,0.6334935910828097
267,ORN-PN,7710471,5324322,2.424960866784997,1.1051288698812949,0.8541645399901006,1.1051288698812949
268,ORN-PN,7710471,5324412,0.35083895118353114,0.45501260289115336,1.2199573756113655,0.45501260289115336
269,ORN-PN,7710677,5361015,,,,
270,ORN-PN,7710677,7710611,1.1208647094160804,0.19046563890921198,0.44993161737881615,0.19046563890921198
271,ORN-PN,7710772,7710778,1.172364263679582,-0.14536089025032645,0.39843206311531465,2.9962317633394666
272,ORN-PN,7710842,5361222,1.4396456770893968,1.1785041177893527,0.13115064970549972,1.1785041177893527
273,ORN-PN,7711054,5994511,2.5705099718603837,1.4407964063934395,0.9997136450654871,1.4407964063934395
274,ORN-PN,7711145,5994723,2.3894760903322685,-2.856455483349894,0.8186797635373719,0.28513717023989926
275,ORN-PN,7711218,7711227,0.5323007302272,0.9280230442776164,1.0384955965676965,0.9280230442776164
276,ORN-PN,7711295,5361575,0.5864691340477356,-2.714216879441844,0.984327192747161,0.4273757741479489
277,ORN-PN,7711295,5994845,,,,
278,ORN-PN,7711307,5983891,1.0512576335291952,1.8661289285553453,0.5195386932657013,1.8661289285553453
279,ORN-PN,7711447,5324924,1.3822357191999621,-2.7284697718263646,0.18856060759493443,0.4131228817634285
280,ORN-PN,8067492,6582032,1.2075653930767396,2.65671464309116,0.36323093371815696,2.65671464309116
281,ORN-PN,8067492,6582070,,,,
282,ORN-PN,8067551,6582064,1.0928391682847498,-0.39372341327152144,0.47795715851014675,2.7478692403182716
283,ORN-PN,8067586,6498895,1.286515619767181,-3.0246166508962804,0.2842807070277156,0.11697600269351272
284,ORN-PN,8067586,6581993,0.6408968713744069,-0.12727231165164252,0.9298994554204897,3.014320341938151
285,ORN-PN,8477534,8477526,,,,
286,broad-PN,10590547,10590565,,,,
287,broad-PN,10624603,10624609,0.8158498553753081,3.0313729931694504,0.7549464714195885,3.0313729931694504
288,broad-PN,10825224,10643666,2.003522769007466,-0.08965339805716607,0.4327264422125694,3.051939255532627
289,broad-PN,10865216,5296280,1.8296945536452853,-3.0729732574558155,0.25889822685038877,0.0686193961339776
290,broad-PN,14672149,5296051,1.3300229782939894,-0.6886168861546001,0.24077334850090715,2.452975767435193
291,broad-PN,14672149,5986653,1.9170672538007156,-0.37009355090553053,0.3462709270058191,2.7714991026842624
292,broad-PN,14701624,14998540,,,,
293,broad-PN,14701624,5324122,1.3044952974513193,-1.8093701395453337,0.26630102934357724,1.3322225140444595
294,broad-PN,14701624,5991485,,,,
295,broad-PN,14929267,5985992,0.5723327167021771,-1.4889626640672426,0.9984636100927194,1.6526299895225505
296,broad-PN,14929736,5991437,0.33348068869728376,2.020430787863668,1.2373156380976127,2.020430787863668
297,broad-PN,14972330,14972336,,,,
298,broad-PN,14991479,5324340,1.0265372000786175,2.4131791628454784,0.5442591267162791,2.4131791628454784
299,broad-PN,14991535,14991532,1.4326069198104652,-1.364151851644602,0.13818940698443138,1.777440801945191
300,broad-PN,14994554,5361326,1.1768391075076792,0.5955217640290361,0.3939572192872174,0.5955217640290361
301,broad-PN,15016363,15016361,1.8242130394489737,0.5253062118363704,0.25341671265407717,0.5253062118363704
302,broad-PN,15109835,5985648,2.8884463676754812,0.5587596415541985,1.3176500408805847,0.5587596415541985
303,broad-PN,15214981,14934017,1.9107847515987788,0.1831022705311866,0.33998842480388225,0.1831022705311866
304,broad-PN,16617798,5324769,0.6367299726579749,0.2890727880659703,0.9340663541369216,0.2890727880659703
305,broad-PN,19581607,6501012,1.9055034715602657,-0.41304160018145397,0.3347071447653691,2.728551053408339
306,broad-PN,3741123,3741132,1.8342456204298525,-1.4279404776986526,0.26344929363495595,1.7136521758911405
307,broad-PN,3741629,3741637,0.8498222648538921,-2.7183895968882386,0.7209740619410044,0.42320305670155456
308,broad-PN,4654782,4654814,2.711250999029093,-2.1458464901860848,1.1404546722341964,0.9957461634037084
309,broad-PN,4656763,4656790,2.430580450132368,2.8189832901688394,0.8597841233374712,2.8189832901688394
310,broad-PN,4656763,4656797,0.8664407991848465,-0.5337059333593313,0.70435552761005,2.6078867202304616
311,broad-PN,4656763,5994413,2.203568099233007,1.7807163590288597,0.6327717724381103,1.7807163590288597
312,broad-PN,5222647,5222660,2.20290315229318,0.8121768872579416,0.6321068254982833,0.8121768872579416
313,broad-PN,5261447,5261453,1.1416397835219976,1.379062902892854,0.429156543272899,1.379062902892854
314,broad-PN,5310346,5310352,1.3615762329171919,-0.9571383245387283,0.20922009387770468,2.1844543290510647
315,broad-PN,6496201,6496270,1.3342306483280433,-0.7502738875310629,0.23656567846685328,2.3913187660587303
316,broad-PN,6502457,6502263,,,,
317,broad-PN,6762934,6502993,1.5717745782412418,-0.3809734760505508,0.000978251446345224,2.760619177539242
318,broad-PN,6878581,6503150,1.1351159679826197,-1.0407987557634186,0.43568035881227685,2.1007938978263745
319,broad-PN,6882222,6882244,2.4600673300771367,2.538258985185397,0.8892710032822402,2.538258985185397
320,broad-PN,6882451,6502415,2.4711129307998543,-2.5185500321336836,0.9003166040049577,0.6230426214561096
321,broad-PN,6882678,6497981,0.835535676134704,-1.141547520268849,0.7352606506601925,2.000045133320944
322,broad-PN,6882678,6498860,1.2846348593887933,-2.3124522629543143,0.28616146740610326,0.8291403906354788
323,broad-PN,6882678,6882686,1.903243434869845,-1.447180541446899,0.3324471080749485,1.6944121121428941
324,broad-PN,6882779,6501869,,,,
325,broad-PN,6930862,6930882,0.6492284763623262,0.3911924022998568,0.9215678504325704,0.3911924022998568
326,broad-PN,7624739,18203475,0.5146652021984063,2.265045186718515,1.0561311245964902,2.265045186718515
327,broad-PN,7637669,7637676,2.2235471599306087,0.3362625545178484,0.6527508331357121,0.3362625545178484
328,broad-PN,7667905,5324049,0.5373270607309658,-0.017471889873372497,1.0334692660639306,3.124120763716421
329,broad-PN,7686496,7686530,2.21199556843421,1.0140975881808625,0.6411992416393133,1.0140975881808625
330,broad-PN,7710533,5361119,1.255206104284211,0.8983454977339409,0.31559022251068547,0.8983454977339409
331,broad-PN,7710719,5356560,1.182111032968651,0.451821221416138,0.3886852938262455,0.451821221416138
332,broad-PN,7710855,5323874,0.5663328546800341,1.0402227941295692,1.0044634721148624,1.0402227941295692
333,broad-PN,7710855,5991353,,,,
334,broad-PN,7710902,7710909,0.8769049370343294,-1.2635588025960944,0.6938913897605672,1.8780338509936987
335,broad-PN,7856054,7856027,0.5413878479050828,0.6262563174810122,1.0294084788898137,0.6262563174810122
336,broad-PN,7857228,7857205,1.7268222581514046,2.3312279592143055,0.156025931356508,2.3312279592143055
337,cho-Basin,10103918,10103864,0.7195930631286591,-1.042230124357839,0.8512032636662374,2.0993625292319544
338,cho-Basin,10104951,10104946,2.315344131479035,0.9484523605271773,0.7445478046841383,0.9484523605271773
339,cho-Basin,10173274,10173263,2.5402792971825905,0.8618075477369586,0.9694829703876939,0.8618075477369586
340,cho-Basin,10294560,3509597,2.578965455495744,-1.8711192904194427,1.0081691287008474,1.2704733631703504
341,cho-Basin,12241068,6364665,,,,
342,cho-Basin,159919,159949,1.8773148699900237,-0.16095897043563182,0.30651854319512717,2.9806336831541613
343,cho-Basin,160506,14992798,1.0040188192220176,-0.54668601287369,0.5667775075728789,2.594906640716103
344,cho-Basin,160525,160531,1.3628906175495308,0.9224809801399678,0.20790570924536578,0.9224809801399678
345,cho-Basin,1706324,1706337,1.1679516715317018,-0.2067857187412926,0.4028446552631948,2.9348069348485004
346,cho-Basin,17175092,6215861,2.9326836554515627,-3.029699873640137,1.3618873286566662,0.11189277994965607
347,cho-Basin,172650,172656,1.2455648657960772,0.9151167277869109,0.3252314609988194,0.9151167277869109
348,cho-Basin,172702,172732,1.6205940379382482,0.019168202311195977,0.04979771114335163,0.019168202311195977
349,cho-Basin,18212396,6215889,1.8265115401506544,-1.9962236937215558,0.25571521335575786,1.1453689598682373
350,cho-Basin,20835454,6460639,1.4263766542652099,2.8225556728687073,0.14441967252968668,2.8225556728687073
351,cho-Basin,2825161,2825195,1.028685270997111,2.2630680618463592,0.5421110557977855,2.2630680618463592
352,cho-Basin,2825161,2825202,1.4325636052016495,1.2540372010215963,0.13823272159324707,1.2540372010215963
353,cho-Basin,2825959,6276388,1.1298401260237152,0.27216036284820333,0.44095620077118136,0.27216036284820333
354,cho-Basin,3187604,3187572,2.136450422325858,-2.26178993395357,0.5656540955309612,0.8798027196362233
355,cho-Basin,3194432,3194359,1.2700361598370586,2.4744414415264804,0.3007601669578379,2.4744414415264804
356,cho-Basin,3250237,3250232,1.7598275695284007,-0.05330172182847453,0.18903124273350413,3.0882909317613185
357,cho-Basin,3250237,3250257,2.1836932711132273,-1.6047685472077644,0.6128969443183307,1.5368241063820287
358,cho-Basin,3475928,3475927,1.269933202682245,-2.0733526028899547,0.3008631241126516,1.0682400506998384
359,cho-Basin,3514525,3208098,1.3984037527246642,-1.012075879870603,0.17239257407023234,2.12951677371919
360,cho-Basin,3514525,3514524,2.248655941860964,-3.0024365603212786,0.6778596150660676,0.13915609326851452
361,cho-Basin,3514525,6290942,2.1145520587351267,-3.0368647126919424,0.5437557319402302,0.10472794089785076
362,cho-Basin,3514525,6321587,,,,
363,cho-Basin,3524386,6220458,1.0223089855064544,0.7972132694551242,0.5484873412884421,0.7972132694551242
364,cho-Basin,4048752,4048781,1.8430189016577216,1.0237524052125289,0.2722225748628251,1.0237524052125289
365,cho-Basin,4050208,4050203,2.419485719855836,-2.8398977533902725,0.8486893930609396,0.3016949001995206
366,cho-Basin,4202410,4202431,1.7909002922636954,2.7582288430749577,0.22010396546879885,2.7582288430749577
367,cho-Basin,4202973,6211372,2.711486007789117,-0.8096153565228998,1.1406896809942206,2.331977297066893
368,cho-Basin,4205173,4205211,1.648364645034588,-2.0797191870364014,0.07756831823969135,1.0618734665533918
369,cho-Basin,4205373,4205407,2.2727725033214865,0.2710600972508473,0.70197617652659,0.2710600972508473
370,cho-Basin,4317659,3507791,0.33667692547873745,-1.4257783748849926,1.2341194013161592,1.7158142787048005
371,cho-Basin,4319336,4319364,1.8754845119501122,1.2040159838372164,0.3046881851552157,1.2040159838372164
372,cho-Basin,4411789,4411831,2.2376310070217853,-2.2467796255866377,0.6668346802268887,0.8948130280031554
373,cho-Basin,4480502,4480534,1.3431226240937366,-1.7084011026718489,0.22767370270115994,1.4331915509179443
374,cho-Basin,4571267,4571253,2.1126614350629955,0.8460034089330536,0.541865108268099,0.8460034089330536
375,cho-Basin,4596676,4596690,1.1702232139939364,2.998026707592585,0.4005731128009602,2.998026707592585
376,cho-Basin,4596676,4596697,1.800512983323833,-0.03457898714670578,0.22971665652893636,3.107013666443087
377,cho-Basin,4602590,6401945,2.2492982177112864,-3.1068281509230817,0.6785018909163898,0.03476450266671138
378,cho-Basin,480923,6237836,2.417382674074358,0.9213199171004218,0.8465863472794615,0.9213199171004218
379,cho-Basin,4945729,4945742,1.6761149318513662,0.06166833691176773,0.10531860505646962,0.06166833691176773
380,cho-Basin,5346985,5346998,1.2349903393090116,0.8030184644775817,0.33580598748588497,0.8030184644775817
381,cho-Basin,6206167,6206163,2.1678477657303525,2.4582164489812457,0.597051438935456,2.4582164489812457
382,cho-Basin,6206964,6205294,1.3021317317373557,1.2794720552347947,0.2686645950575408,1.2794720552347947
383,cho-Basin,6210960,6210958,2.258394329989135,2.485777532696257,0.6875980031942386,2.485777532696257
384,cho-Basin,6211311,6211262,2.058897746485566,2.2053397199779226,0.4881014196906692,2.2053397199779226
385,cho-Basin,6211311,6220936,1.2196145888641707,-1.5363686190007686,0.3511817379307258,1.6052240345890245
386,cho-Basin,6211423,6211413,1.526248933028388,0.6757067046102326,0.044547393766508625,0.6757067046102326
387,cho-Basin,6211423,6211450,0.7340111306984699,1.3246471845053371,0.8367851960964267,1.3246471845053371
388,cho-Basin,6211423,6219656,,,,
389,cho-Basin,6211495,6211508,1.488448737282586,-2.743293846071077,0.08234758951231047,0.39829880751871594
390,cho-Basin,6211713,3477362,1.8985314682835503,2.7272274070534595,0.3277351414886538,2.7272274070534595
391,cho-Basin,6211713,6211696,1.3246844173702494,0.12448661861509137,0.2461119094246471,0.12448661861509137
392,cho-Basin,6211713,6222183,0.8021271097958617,2.865495074678059,0.7686692169990349,2.865495074678059
393,cho-Basin,6211737,6211702,1.285867574315767,-2.168734598819081,0.2849287524791295,0.972858054770712
394,cho-Basin,6211939,6211936,1.18882750764582,0.686173149575853,0.38196881914907665,0.686173149575853
395,cho-Basin,6211968,6211966,2.2619818283284423,-1.100177858609205,0.6911855015335457,2.041414794980588
396,cho-Basin,6212892,6212785,1.3786743734038722,-2.857382199377574,0.19212195339102434,0.28421045421221924
397,cho-Basin,6213204,6213203,1.1680784503300876,-0.05515890852478073,0.40271787646480894,3.0864337450650123
398,cho-Basin,6213659,6213631,2.01961515056176,-0.6656363306765747,0.44881882376686333,2.4759563229132184
399,cho-Basin,6213859,6213820,1.3507058355847696,-0.3669291916231951,0.22009049121012692,2.774663461966598
400,cho-Basin,6214896,6214888,1.0779625128535952,-0.7499087627371106,0.4928338139413013,2.3916838908526827
401,cho-Basin,6216154,6216153,0.99859617360978,3.0868329647129547,0.5722001531851165,3.0868329647129547
402,cho-Basin,6220047,3530003,,,,
403,cho-Basin,6220539,6220525,,,,
404,cho-Basin,6220539,6220571,1.0016860670996415,2.134887005909232,0.5691102596952551,2.134887005909232
405,cho-Basin,6220584,3530551,0.8979873243381367,2.9505519095254074,0.6728090024567599,2.9505519095254074
406,cho-Basin,6220584,6220613,,,,
407,cho-Basin,6220584,6235635,1.0216161609627596,2.659065519156586,0.5491801658321369,2.659065519156586
408,cho-Basin,6220876,6220871,1.3245722591941744,-0.5570332124722615,0.24622406760072213,2.5845594411175314
409,cho-Basin,6220876,6220889,1.6361022616989145,-0.13034039579850126,0.06530593490401793,3.0112522577912917
410,cho-Basin,6221066,6221086,0.8014757167072287,-2.7843447274143154,0.7693206100876678,0.35724792617547774
411,cho-Basin,6221066,6221224,2.2517896970199383,0.6559830160650543,0.6809933702250417,0.6559830160650543
412,cho-Basin,6221138,6221001,1.1397828008099702,-2.989725552759334,0.43101352598492637,0.1518671008304593
413,cho-Basin,6222284,15710663,,,,
414,cho-Basin,6222284,6222261,1.906003795360637,-1.3897022568643491,0.33520746856574046,1.751890396725444
415,cho-Basin,6234332,6234330,,,,
416,cho-Basin,6234526,6234525,2.0454979843259604,-0.07225659356935746,0.47470165753106386,3.0693360600204356
417,cho-Basin,6234526,6245353,1.5163462432545047,0.47350388648046704,0.054450083540391825,0.47350388648046704
418,cho-Basin,6234581,6234579,1.8192165888956624,0.3700416931747562,0.24842026210076584,0.3700416931747562
419,cho-Basin,6235594,6235593,1.9532779626296892,1.9969952928888681,0.38248163583479267,1.9969952928888681
420,cho-Basin,6235908,6235892,1.6504395376161838,2.579564359509085,0.07964321082128722,2.579564359509085
421,cho-Basin,6237776,6237769,1.6559224007505817,-0.12898876322435032,0.08512607395568517,3.0126038903654426
422,cho-Basin,6237912,6237908,1.8086132396654875,0.7643349613745015,0.23781691287059092,0.7643349613745015
423,cho-Basin,6238089,6238084,,,,
424,cho-Basin,6238120,6238116,0.45043521572012735,-0.3188867210302092,1.1203611110747693,2.822705932559584
425,cho-Basin,6238155,6238087,,,,
426,cho-Basin,6238155,6238144,1.932399118712758,0.748952149921276,0.3616027919178615,0.748952149921276
427,cho-Basin,6257567,15710648,2.440493853360085,-1.3909149523694584,0.8696975265651883,1.7506777012203347
428,cho-Basin,6260942,6260959,1.7435289221351349,-2.498406666234029,0.17273259534023833,0.6431859873557642
429,cho-Basin,6272333,3187237,1.327136824836541,2.7020584943631007,0.24365950195835562,2.7020584943631007
430,cho-Basin,6272333,6272353,0.918317604353101,2.3089327754846036,0.6524787224417956,2.3089327754846036
431,cho-Basin,6272333,6272374,1.247402318616958,2.4994009213940904,0.3233940081779385,2.4994009213940904
432,cho-Basin,6273702,3195756,0.4812611720174845,-0.9379251967856551,1.0895351547774121,2.203667456804138
433,cho-Basin,6273933,3187351,2.0245594410241385,-0.9870246186473477,0.453763114229242,2.1545680349424456
434,cho-Basin,6273933,3542817,1.1647339784244144,2.4412835405984956,0.40606234837048216,2.4412835405984956
435,cho-Basin,6273933,6273954,,,,
436,cho-Basin,6274382,6274376,1.8631649530849208,-1.9575151546689957,0.29236862629002425,1.1840774989207974
437,cho-Basin,6275283,4971118,1.5589475970589635,0.3077359185597879,0.011848729735933095,0.3077359185597879
438,cho-Basin,6275283,6275175,1.1371200662694285,-2.4279057448755137,0.43367626052546804,0.7136869087142794
439,cho-Basin,6276000,6275996,1.1574289364091594,2.3689364067896217,0.4133673903857371,2.3689364067896217
440,cho-Basin,6276555,6276550,1.4063992887307406,-0.49022487659369385,0.16439703806415595,2.651367776996099
441,cho-Basin,6276766,6276765,0.9717305673926054,2.7278331722122497,0.5990657594022911,2.7278331722122497
442,cho-Basin,6276926,6276814,1.6265038501985136,-1.1322832518756172,0.055707523403617065,2.0093094017141757
443,cho-Basin,6277963,6277952,2.049514472851507,-2.2030321863830538,0.47871814605661056,0.9385604672067394
444,cho-Basin,6278203,6278153,,,,
445,cho-Basin,6278203,6278200,1.2184527329854387,1.7011887872454101,0.3523435938094579,1.7011887872454101
446,cho-Basin,6278238,6278196,1.266895666339112,-1.268265365869236,0.30390066045578457,1.8733272877205571
447,cho-Basin,6280806,6280793,2.1766180854361745,-0.6891536182878502,0.605821758641278,2.4524390353019427
448,cho-Basin,6281071,6281069,1.680610936053309,-2.040995675695964,0.10981460925841247,1.100596977893829
449,cho-Basin,6281071,6410823,0.9413243090699531,-2.859480096906891,0.6294720177249434,0.28211255668290214
450,cho-Basin,6281094,6281032,1.0473330729408763,-1.7577433521813242,0.5234632538540203,1.383849301408469
451,cho-Basin,6281094,6281048,,,,
452,cho-Basin,6281816,6281805,,,,
453,cho-Basin,6284087,6327881,1.1494935803086588,-0.9601506986652989,0.4213027464862378,2.181441954924494
454,cho-Basin,6288005,6287993,2.6236279428617015,1.6303630692759465,1.052831616066805,1.6303630692759465
455,cho-Basin,6288720,6288692,1.5172837905664622,0.470298912555576,0.053512536228434326,0.470298912555576
456,cho-Basin,6288720,6288756,0.696946931201594,-2.4294930312843466,0.8738493955933025,0.7120996223054465
457,cho-Basin,6290235,6290227,2.5348556641084907,0.955322018967543,0.9640593373135942,0.955322018967543
458,cho-Basin,6291337,6291328,,,,
459,cho-Basin,6291382,6291270,1.8826073057285753,0.7209388409438243,0.3118109789336787,0.7209388409438243
460,cho-Basin,6291561,6291526,2.2616628939619563,0.999023935453945,0.6908665671670597,0.999023935453945
461,cho-Basin,6325069,6325066,1.4204798964417178,0.11080020063058667,0.15031643035317876,0.11080020063058667
462,cho-Basin,6326647,6326645,2.8332048436854707,0.5951232559554441,1.262408516890574,0.5951232559554441
463,cho-Basin,6332394,5403170,1.923145116473803,-0.18606284540564186,0.35234878967890637,2.9555298081841515
464,cho-Basin,6332532,5403169,1.9163153667697284,-0.5024205029984601,0.3455190399748318,2.639172150591333
465,cho-Basin,6332735,3193952,2.393846698352749,0.0851684562907448,0.8230503715578523,0.0851684562907448
466,cho-Basin,6332735,6332732,1.2014080366459527,3.1320743756512814,0.3693882901489438,3.1320743756512814
467,cho-Basin,6335038,3192526,,,,
468,cho-Basin,6335038,6335026,1.4621589802309762,2.4881702595863655,0.10863734656392032,2.4881702595863655
469,cho-Basin,6399200,6399194,1.964805653659105,2.561197971665944,0.3940093268642084,2.561197971665944
470,cho-Basin,6399296,6399294,,,,
471,cho-Basin,6399364,6399361,2.853407385320127,0.9101815969316478,1.2826110585252306,0.9101815969316478
472,cho-Basin,6399364,6407071,0.7098442473402533,-1.8398449993277162,0.8609520794546432,1.301747654262077
473,cho-Basin,6400641,6291436,1.7686518741808,-1.705773336332495,0.19785554738590339,1.4358193172572982
474,cho-Basin,6400641,6400637,2.0563530062194495,-1.159242056442583,0.48555667942455294,1.9823505971472102
475,cho-Basin,6401498,6332701,,,,
476,cho-Basin,6401498,6401497,1.262319467409632,2.3282246319520077,0.3084768593852645,2.3282246319520077
477,cho-Basin,6401752,6401706,1.4288220958295152,-0.6179188448690868,0.1419742309653813,2.5236738087207065
478,cho-Basin,6401796,6401794,1.3805658697759358,0.9676814536927475,0.1902304570189608,0.9676814536927475
479,cho-Basin,6401853,6401840,0.5378556691007844,-0.10115831822538968,1.032940657694112,3.040434335364403
480,cho-Basin,6401886,6401884,1.673582333046656,-2.831456325539492,0.10278600625175938,0.3101363280503011
481,cho-Basin,6401920,6401917,1.2469529624444609,1.851760573880218,0.3238433643504357,1.851760573880218
482,cho-Basin,6401966,6401964,1.0995131196170629,2.878130758747743,0.4712832071778337,2.878130758747743
483,cho-Basin,6402001,6401999,0.9279311233458949,-0.19383779469828558,0.6428652034490017,2.9477548588915075
484,cho-Basin,6402109,6402107,2.2860416613636585,1.2024712802168462,0.7152453345687619,1.2024712802168462
485,cho-Basin,6402109,6402136,0.8067696144874138,-3.1049852449574753,0.7640267123074828,0.03660740863231782
486,cho-Basin,6403876,6403871,0.7908863121878481,2.5480462228492,0.7799100146070485,2.5480462228492
487,cho-Basin,6403876,6403902,2.7946828125920655,-0.13400682755891727,1.223886485797169,3.007585826030876
488,cho-Basin,6404019,6404016,1.8109172244730707,1.3409938660432201,0.24012089767817413,1.3409938660432201
489,cho-Basin,6404019,6404065,,,,
490,cho-Basin,6414717,6399330,2.095832859890512,-1.844605124325076,0.5250365330956153,1.296987529264717
491,cho-Basin,6508739,6508706,0.9580655143419214,-3.009119748818632,0.6127308124529751,0.13247290477116103
492,cho-Basin,6508739,6508759,0.7964787316034604,-2.569260142942576,0.7743175951914362,0.5723325106472172
493,cho-Basin,6864754,15430027,2.171259612775038,-0.7601451638096741,0.6004632859801413,2.381447489780119
494,cho-Basin,6864754,6864788,1.0531988310691263,2.416733712858545,0.5175974957257703,2.416733712858545
495,cho-Basin,7218384,7218397,1.2633216727225376,2.5722960271021744,0.30747465407235897,2.5722960271021744
496,cho-Basin,7416369,7416375,0.3984242982831159,-0.4072347609150923,1.1723720285117807,2.734357892674701
497,cho-Basin,749869,749883,1.4198023953383645,0.6741668920872952,0.15099393145653206,0.6741668920872952
498,cho-Basin,7596685,6291552,,,,
499,cho-Basin,7629992,6404011,,,,
500,cho-Basin,7629992,9772574,1.3284736394450682,2.214802514328257,0.24232268734982831,2.214802514328257
501,cho-Basin,7675337,6276599,,,,
502,cho-Basin,7684431,7684465,1.818401053435466,-3.0727339208573174,0.24760472664056943,0.06885873273247567
503,cho-Basin,7684754,7684822,1.1431711560411577,-2.077776850552325,0.42762517075373885,1.063815803037468
504,cho-Basin,7684754,9772169,0.8844746023274934,0.9697443233590035,0.6863217244674031,0.9697443233590035
505,cho-Basin,7719085,7719099,2.037580881032516,0.844951081918356,0.46678455423761944,0.844951081918356
506,cho-Basin,7724242,6324974,1.9907716002255875,0.46384850426510466,0.41997527343069097,0.46384850426510466
507,cho-Basin,7724654,5401885,0.6641174051893868,-1.0246656547200865,0.9066789216055098,2.1169269988697064
508,cho-Basin,7724654,7724660,1.5849547003009723,0.6369545080470904,0.014158373506075739,0.6369545080470904
509,cho-Basin,7747908,7747935,,,,
510,cho-Basin,7775685,6237754,1.7651517403872061,0.7594118609731109,0.19435541359230957,0.7594118609731109
511,cho-Basin,7785003,6220613,1.813891331288224,-2.2861000776635585,0.24309500449332755,0.8554925759262346
512,cho-Basin,7790307,6216123,1.550888213568203,1.1282497707047736,0.019908113226693613,1.1282497707047736
513,cho-Basin,7803468,7803508,1.3058097697391182,1.3889120677236346,0.26498655705577834,1.3889120677236346
514,cho-Basin,7808565,7808571,1.9760732666791065,2.33176928727492,0.40527693988421,2.33176928727492
515,cho-Basin,7808630,6233470,1.8061457977583193,2.0580340022876014,0.23534947096342274,2.0580340022876014
516,cho-Basin,7810231,6222175,2.0069624504658172,-0.528976520701979,0.43616612367092067,2.612616132887814
517,cho-Basin,7816052,6219657,1.5775714810035442,0.47121070228169243,0.006775154208647605,0.47121070228169243
518,cho-Basin,7816117,6235701,1.3530641757448856,2.7921607988344816,0.21773215105001098,2.7921607988344816
519,cho-Basin,7824216,7824243,0.74131326219087,-0.9777992869165311,0.8294830646040265,2.163793366673262
520,cho-Basin,7824354,6399360,,,,
521,cho-Basin,7825979,7826000,1.1580677513065158,0.928766148965555,0.4127285754883807,0.928766148965555
522,cho-Basin,7825979,7826021,1.7128893011164446,-0.39573329881583547,0.142092974321548,2.7458593547739576
523,cho-Basin,7826094,7826177,0.35492281851926644,-2.75409046034545,1.2158735082756302,0.3875021932443432
524,cho-Basin,7826812,3507755,0.6796327689059874,-2.7093454598861615,0.8911635578889091,0.4322471937036316
525,cho-Basin,7981044,7981051,1.9365323554629588,0.6987488538783118,0.3657360286680622,0.6987488538783118
526,cho-Basin,8020299,8020326,1.490481448704925,2.6496036421016487,0.08031487808997162,2.6496036421016487
527,cho-Basin,9746807,10294652,1.7930155066153024,-0.1355491819008516,0.22221917982040584,3.0060434716889417
528,cho-Basin,9747456,4971117,,,,
529,cho-Basin,9747902,10173262,0.9695725466646297,-2.192277914667353,0.6012237801302669,0.9493147389224403
530,cho-Basin,9747902,9747956,1.0340976914486621,2.6216557990206155,0.5366986353462344,2.6216557990206155
531,cho-Basin,9760437,6281059,1.2789830838978438,-0.8392956128032115,0.2918132428970528,2.3022970407865815
532,cho-Basin,9765545,9765556,,,,
533,cho-Basin,9766827,6222248,0.8581154144193405,-0.9773599466678453,0.7126809123755561,2.164232706921948
534,cho-Basin,9766827,9766839,0.45513652813471045,0.6338226890229237,1.1156597986601862,0.6338226890229237
535,cho-Basin,9767168,3475972,1.3352201569739888,-1.7657069844010835,0.2355761698209078,1.3758856691887096
536,cho-Basin,9768409,6222199,,,,
537,cho-Basin,9772636,9772657,1.1693640131408343,0.873175148293134,0.4014323136540623,0.873175148293134
538,cho-Basin,9781794,9781791,0.6376422012215172,-1.6305574212072904,0.9331541255733794,1.5110352323825027
539,cho-Basin,9781881,9781877,1.0612333640226224,-0.10893563384828014,0.5095629627722742,3.032657019741513
